<?xml version="1.0" encoding="UTF-8"?>
<project-private xmlns="http://www.netbeans.org/ns/project-private/1">
    <editor-bookmarks xmlns="http://www.netbeans.org/ns/editor-bookmarks/2" lastBookmarkId="0"/>
    <open-files xmlns="http://www.netbeans.org/ns/projectui-open-files/2">
        <group>
            <file>file:/E:/java/Reto3_Todo/src/reto3_lunes/BasedeDatosProductos.java</file>
            <file>file:/E:/java/Reto3_Todo/src/reto3_lunes/Actualizar.java</file>
            <file>file:/E:/java/Reto3_Todo/src/reto3_lunes/Reto3_Lunes.java</file>
            <file>file:/E:/java/Reto3_Todo/src/reto3_lunes/Principal.java</file>
            <file>file:/E:/java/Reto3_Todo/src/reto3_lunes/cheque.png</file>
            <file>file:/E:/java/Reto3_Todo/src/reto3_lunes/Producto.java</file>
            <file>file:/E:/java/Reto3_Todo/src/reto3_lunes/controlTabla.java</file>
        </group>
    </open-files>
</project-private>
